id_user,user_name,user_email,user_password,user_contact,user_govid,user_role,badge,avatar,,
1,Martha M. Mwangi,martyturing@gmail.com,$2b$10$eXZnzNUnfoCT6DnA3skIAu0KH7p.IBTGCl2o5X/4wztkqjR5lJ2gO,2.55E+11,35816558,1,2,profile-default.png,,
2,Carol Hassan,carol@gmail.com,$2b$10$1/PsYmU/EgGe.ynkAKWyW.APHRaUhSstS4MtHVyYx6efsqUs6bv3a,2.55E+11,741852,2,0,profile-default.png,,
3,PAUL MURIMI MURIUKI,paul@gmail.com,Apple333,722725682,22725682,1,1,profile-default.png,,
4,ABABU WANGIA ROYAL,ababu@gmail.com,Apple333,712702150,12702150,2,0,profile-default.png,,
5,Rafe Carn,rcarn0@free.fr,XqkTuDmyt,770-978-4348,3790334294,2,0,profile-default.png,,
6,Rubia Ganforthe,rganforthe1@mail.ru,UbfzxNKJMNOZ,630-218-4142,8536521090,1,5,profile-default.png,,
7,Neel Pasticznyk,npasticznyk2@arizona.edu,wmZKQ1om0FP,644-752-0932,1911475487,1,3,profile-default.png,,
8,Austen Cavolini,acavolini3@ted.com,mNYDX6P,440-730-9200,9789340168,1,2,profile-default.png,,
9,Hermann Landrick,hlandrick4@tumblr.com,yiTTzfBpuXAK,326-313-2346,1563838613,1,3,profile-default.png,,
10,Marena Jillings,mjillings5@usatoday.com,zS683Y7ciV,176-134-6153,5638553355,1,5,profile-default.png,,
11,Logan Taynton,ltaynton6@github.com,VG7yHJ1,377-460-4191,1168944082,1,4,profile-default.png,,
12,Bradley Wykey,bwykey7@sohu.com,4CxMB9QlW13W,576-689-4832,1948918013,1,3,profile-default.png,,
13,Marlo Drinnan,mdrinnan8@tumblr.com,nHNi886,660-483-1658,2129079474,1,3,profile-default.png,,
14,Brod Dansken,bdansken9@alexa.com,hzj910,114-526-4433,7009828466,1,3,profile-default.png,,
15,Rooney Gallemore,rgallemorea@google.com.hk,Dj0DsG,502-543-4095,7510918448,1,3,profile-default.png,,
16,Starla Sleightholme,ssleightholmeb@homestead.com,iuL0xeQ2baBn,115-249-9557,6588439571,1,4,profile-default.png,,
17,Leonanie Carlin,lcarlinc@europa.eu,oE8V8E2nZY0m,553-765-1023,3679475292,1,2,profile-default.png,,
18,Erinna Ivanchov,eivanchovd@weather.com,ddv92iJf6Ai,963-909-7431,52458148,1,5,profile-default.png,,
19,Betteanne Twining,btwininge@yale.edu,XyoCEivxaG,862-939-6552,3075875694,1,2,profile-default.png,,
20,Charley Lince,clincef@xinhuanet.com,SumJLKdHROIs,947-562-0448,1496831594,1,4,profile-default.png,,
21,Franciskus Climar,fclimarg@usgs.gov,XABo30,370-518-5492,1392467500,1,1,profile-default.png,,
22,Iosep Damp,idamph@indiatimes.com,vOHq9ejcSU,170-136-0648,3756640337,1,2,profile-default.png,,
23,Lindon Guyonnet,lguyonneti@fda.gov,DjjeYxCFyM,474-402-8387,5492147374,1,2,profile-default.png,,
24,Asher Knaggs,aknaggsj@google.com.au,P9V7UWUh,484-825-2792,906560438,1,4,profile-default.png,,
25,Ronny Rishman,rrishmank@jalbum.net,wC8iOY2P2eA3,248-208-9799,388622717,1,5,profile-default.png,,
26,Sybil Tiffney,stiffneyl@de.vu,P5zM2H,904-203-4886,3604332311,1,3,profile-default.png,,
27,Storm Dri,sdrim@imgur.com,SMWRTqD3,515-229-6269,1826569324,1,4,profile-default.png,,
28,Heida Learmonth,hlearmonthn@dot.gov,dT6gy7FN00u,595-916-8840,3690997984,1,4,profile-default.png,,
29,Irwin Dover,idovero@marriott.com,t0Zhcf4,362-208-6394,3103458487,1,5,profile-default.png,,
30,Karlie Trigwell,ktrigwellp@nature.com,do1dile,294-426-1340,4048594915,1,3,profile-default.png,,
31,Hope Beaney,hbeaneyq@google.nl,7M0PHkSK7q9,328-575-4625,3848260514,1,4,profile-default.png,,
32,Elvera Carlick,ecarlickr@topsy.com,2GfXCd,913-881-8222,4179003287,1,1,profile-default.png,,
33,Forest Callear,fcallears@spotify.com,ULYqIcaeCl,679-540-9371,7223151765,1,2,profile-default.png,,
34,Ruth Allsobrook,rallsobrookt@sphinn.com,zRroO8dhl,237-473-2397,9970293419,1,1,profile-default.png,,
35,Aldon Blackler,ablackleru@sun.com,87NzcDWJx,229-406-7369,4989963024,1,3,profile-default.png,,
36,Gert Dulinty,gdulintyv@opera.com,z8Mx4dXSGVNK,176-764-4285,3923541317,1,4,profile-default.png,,
37,Shari Siddon,ssiddonw@sfgate.com,vyYoOmykc,513-198-0242,1522040722,1,3,profile-default.png,,
38,Ignatius Feedome,ifeedomex@dailymotion.com,84eLU4h9,354-792-7493,8306190122,1,2,profile-default.png,,
39,Stephan Clover,sclovery@163.com,ksRJWb8,988-284-8048,3177991960,1,1,profile-default.png,,
40,My Satterley,msatterleyz@plala.or.jp,7d3Q1jX4fUJe,836-342-1888,1972301705,1,5,profile-default.png,,
41,Frasquito Surby,fsurby10@house.gov,T2QUbf54,170-404-8429,1140629344,1,4,profile-default.png,,
42,Patrica Cannaway,pcannaway11@mlb.com,k2ajJmEIpPl4,913-865-6051,9581746773,1,3,profile-default.png,,
43,Marylin Parkyn,mparkyn12@hexun.com,hduIGutgE,950-334-5211,1312878681,1,3,profile-default.png,,
44,Wells McCraw,wmccraw13@google.com.br,f21woz,367-241-0140,9824858598,1,1,profile-default.png,,
45,Diane Archard,darchard14@google.com.hk,C8QA7nxGA8L,205-880-7086,4097114611,1,5,profile-default.png,,
46,Greta Wesker,gwesker15@biblegateway.com,iZnPYBH3KI,512-420-9409,6146019437,1,3,profile-default.png,,
47,Austine Berkely,aberkely16@so-net.ne.jp,uVlrc2Acnr,252-185-6111,9305819559,1,3,profile-default.png,,
48,Grace Wye,gwye17@theguardian.com,U9F9xRzZuKeZ,875-925-4242,9665327747,1,2,profile-default.png,,
49,Carlynn Salack,csalack18@technorati.com,zswNECzzF,304-898-3493,5528245273,1,2,profile-default.png,,
50,Norine Carlisi,ncarlisi19@apache.org,HtRCJj6,550-424-9777,7199099983,1,2,profile-default.png,,
51,Norton Chrichton,nchrichton1a@psu.edu,UmPJa6mhEnrq,295-803-2670,9681205162,1,2,profile-default.png,,
52,Arlen Durek,adurek1b@senate.gov,kPeIhgdy9,403-884-3560,9117754569,1,2,profile-default.png,,
53,Phylys Bernardino,pbernardino1c@google.es,NvOH4Muox,178-444-1102,504194534,1,2,profile-default.png,,
54,Marylee Dishman,mdishman1d@exblog.jp,wh7mF5V5X1E0,566-715-5267,5288790477,1,2,profile-default.png,,
,,,,,,,,,,
